text,label
deep learning neural network image recognition,Artificial Intelligence
transformer language model text generation,Artificial Intelligence
machine learning computer vision dataset,Artificial Intelligence
reinforcement learning autonomous agent,Artificial Intelligence
large language model prompt engineering,Artificial Intelligence
vision transformer image classification,Artificial Intelligence
object detection convolutional neural network,Artificial Intelligence
speech recognition deep learning,Artificial Intelligence
generative ai content creation,Artificial Intelligence
artificial intelligence decision making,Artificial Intelligence

natural language processing sentiment analysis,NLP
named entity recognition text mining,NLP
machine translation language understanding,NLP
text summarization transformer,NLP
question answering language model,NLP
tokenization stemming lemmatization,NLP
part of speech tagging,NLP
document classification text processing,NLP
word embedding semantic similarity,NLP
chatbot conversational ai,NLP

image segmentation medical scan,Computer Vision
object tracking video analysis,Computer Vision
facial recognition image processing,Computer Vision
edge detection computer vision,Computer Vision
camera calibration visual perception,Computer Vision
instance segmentation vision model,Computer Vision
image enhancement digital vision,Computer Vision
optical character recognition,Computer Vision
pose estimation human detection,Computer Vision
vision language model species identification,Computer Vision

cancer diagnosis medical imaging,Healthcare
hospital treatment disease prediction,Healthcare
heart monitoring clinical healthcare,Healthcare
patient electronic health record,Healthcare
drug discovery biomedical research,Healthcare
medical report analysis,Healthcare
healthcare disease detection,Healthcare
covid diagnosis patient data,Healthcare
clinical trial medical research,Healthcare
healthcare wearable monitoring,Healthcare

stock market investment trading,Finance
bank loan financial analysis,Finance
credit risk banking,Finance
fraud detection financial transaction,Finance
portfolio optimization investment,Finance
economic forecasting finance,Finance
cryptocurrency market prediction,Finance
financial statement analysis,Finance
insurance claim analytics,Finance
bank customer credit scoring,Finance

crop disease agriculture farming,Agriculture
soil irrigation farming,Agriculture
plant growth crop prediction,Agriculture
precision agriculture sensor,Agriculture
livestock monitoring agriculture,Agriculture
fertilizer recommendation farming,Agriculture
agricultural yield prediction,Agriculture
weather crop management,Agriculture
pest detection farming,Agriculture
smart greenhouse agriculture,Agriculture

network security malware detection,Cybersecurity
cyber attack encryption firewall,Cybersecurity
phishing intrusion cybersecurity,Cybersecurity
ransomware threat detection,Cybersecurity
secure authentication cyber defense,Cybersecurity
network vulnerability assessment,Cybersecurity
digital forensics investigation,Cybersecurity
password security encryption,Cybersecurity
cloud security threat,Cybersecurity
cybersecurity risk management,Cybersecurity

robot path planning autonomous movement,Robotics
robot arm control,Robotics
mobile robot navigation,Robotics
industrial robot automation,Robotics
robotic grasp object manipulation,Robotics
humanoid robot interaction,Robotics
robot sensor fusion,Robotics
swarm robotics coordination,Robotics
robot localization mapping,Robotics
warehouse robot automation,Robotics

internet of things smart sensor,IoT
wireless sensor network,IoT
smart home automation,IoT
edge computing iot device,IoT
embedded sensor communication,IoT
iot energy monitoring,IoT
industrial internet of things,IoT
smart city connected devices,IoT
iot environmental monitoring,IoT
remote sensor telemetry,IoT

big data analytics dashboard,Data Science
data visualization business intelligence,Data Science
predictive analytics data mining,Data Science
statistical modeling dataset,Data Science
feature engineering machine learning,Data Science
time series forecasting,Data Science
data cleaning preprocessing,Data Science
business analytics reporting,Data Science
exploratory data analysis,Data Science
customer churn prediction,Data Science